Time(ms),TIME Actual,BAR ALT,MBS,AIRT,DRAD,LAT,LON,GPS ALT (m),Accel Time(ms),Accel X (mg),Accel Y (mg),Accel Z (mg),Light Time(ms),Light (lux),UV Index,Weather Time(ms),Humidity (%),Temperature (C),Air Quality Time(ms),CO2 (ppm),Ethanol (raw),H2 (raw),TVOC (ppb),BME688 Time(ms),Temperature (C),Pressure (Pa),Humidity (%),Gas Resistance (Ohms),Gas Index,Status,Heater Stable,IDAC,Meas Index,Gas Valid
19595275,14:49:02,1,1,1,1,34-29.4,-104-13.5,4045,19595056,-0.203125,-0.023438,1.078125,19595058,39,0.462143,19595066,27.328205,26.4,19595228,400,20275,15154,1260,19595275,30.25292,84996.16406,23.264967,23059818,0,1,139,84,1,2779096485
20988293,15:12:16,27077,340.99,-22.6,13.4,34-34.6,-104-09.6,8612,20988074,-0.203125,-0.046875,1.054688,20988076,39,2.061429,20988084,22.123528,-25.11,20988246,400,23428,17273,0,20988293,-17.023394,33539.36719,11.39226,4914217,0,1,189,174,1,2779096485
21049433,15:13:16,28139,325.26,-24.4,11.7,34-34.9,-104-09.3,8901,21049214,-0.203125,-0.0625,1.046875,21049216,39,3.901428,21049224,35.349369,-28.14,21049386,400,23429,17199,0,21049433,-20.492176,32041.83398,11.990802,102400000,0,1,135,238,1,2779096485
21110573,15:14:17,28967,313.46,-27.1,10.4,34-35.0,-104-08.9,9262,21110354,-0.210938,-0.039062,1.039062,21110356,39,0.822143,21110364,45.279121,-28.17,21110526,400,23461,17200,0,21108535,-22.336094,30639.07813,15.547108,102400000,0,1,136,34,1,2779096485
21170694,15:15:17,29775,302.31,-31.1,9.1,34-35.1,-104-08.6,9622,21170475,-0.210938,-0.039062,1.023438,21170477,39,0.762857,21170485,34.285927,-29.28,21170647,400,23542,17296,0,21168656,-24.764368,29242.09766,18.683609,102400000,0,1,138,96,1,2779096485
21229796,15:16:17,31138,284.29,-32.5,7.9,34-35.2,-104-08.4,9917,21229577,-0.203125,-0.046875,1.140625,21229579,39,1.266429,21229587,25.807285,-34.55,21229749,400,23648,17423,0,21227758,-27.620779,27940.95313,18.540646,102400000,0,1,139,148,1,2779096485
21289917,15:17:17,32367,268.88,-33.2,6.7,34-35.3,-104-08.3,10270,21289698,-0.210938,-0.046875,1.03125,21289700,39,1.013571,21289708,25.066948,-38.15,21289870,400,23712,17538,0,21277689,-30.285675,26876.20313,17.568089,102400000,0,1,141,153,1,2779096485
21351070,15:18:18,32936,262,-38.3,5.3,34-35.4,-104-08.2,10565,21350851,-0.203125,-0.0625,1.0625,21350853,39,1.001429,21350861,20.344257,-39.29,21351023,400,23764,17611,0,21351070,-32.464382,25297.19727,16.157848,102400000,0,1,142,26,1,2779096485
21411191,15:19:18,34612,242.66,-40,4,34-35.8,-104-08.1,10928,21410972,-0.21875,-0.054688,1.023438,21410974,39,0.812857,21410982,15.017891,-40.35,21411144,400,23815,17684,0,21411191,-34.066265,24064.80273,14.956173,102400000,0,1,170,88,1,2779096485
21471312,15:20:18,35207,236.1,-41.5,3.2,34-36.1,-104-07.9,11232,21471093,-0.210938,-0.039062,1.070312,21471095,39,0.978571,21471103,11.161613,-43.08,21471265,400,23826,17717,0,21471312,-35.836868,22869.85742,13.802483,102400000,0,1,171,145,1,2779096485
21531433,15:21:18,36381,223.65,-43.3,2.1,34-36.3,-104-07.7,11598,21531214,-0.21875,-0.054688,1.007812,21531216,39,1.824286,21531224,9.175491,-46.91,21531386,400,23816,17717,0,21521243,-38.23204,21930.86719,12.821385,102400000,0,1,146,152,1,2779096485
21591573,15:22:18,37154,215.78,-46.5,0.8,34-36.5,-104-07.6,11900,21591354,-0.21875,-0.070312,1.070312,21591356,39,1.32,21591364,8.406258,-48.23,21591526,400,23842,17755,0,21591573,-39.00523,20704.125,12.01495,3397760.25,0,1,197,8,1,2779096485
21651694,15:23:18,38536,202.34,-46.2,-0.4,34-36.6,-104-07.6,12247,21651475,-0.21875,-0.078125,1.054688,21651477,39,1.27,21651485,6.325722,-50,21651647,400,23848,17776,0,21651694,-40.765663,19731.60352,11.244147,102400000,0,1,147,67,1,2779096485
21711815,15:24:18,40043,188.57,-48.7,-1.9,34-36.7,-104-07.7,12582,21711596,-0.21875,-0.0625,1.03125,21711598,39,1.339286,21711606,4.30603,-50,21711768,400,23853,17805,0,21709777,-42.639389,18813.19336,10.61421,3380932.75,0,1,199,117,1,2779096485
21770917,15:25:18,40796,182.02,-50.7,-3.1,34-36.8,-104-07.7,12875,21770698,-0.234375,-0.054688,1.007812,21770700,39,1.467857,21770708,3.289413,-50,21770870,400,23865,17816,0,21770917,-45.104897,17934.43555,10.003681,102400000,0,1,150,181,1,2779096485
21831038,15:26:18,42259,169.89,-53.8,-4.3,34-36.9,-104-07.7,13220,21830819,-0.21875,-0.09375,1.023438,21830821,39,1.040714,21830829,1.93758,-50,21830991,400,23870,17825,0,21830019,-46.930687,17101.50977,9.527581,102400000,0,1,151,233,1,2779096485
21891159,15:27:18,43175,162.68,-55,-5.3,34-37.0,-104-07.7,13505,21890940,-0.226562,-0.078125,0.992188,21890942,39,0.831429,21890950,0.902081,-50,21891112,400,23921,17869,0,21887083,-48.587715,16269.3916,9.137952,102400000,0,1,152,19,1,2779096485
21950261,15:28:18,44490,152.84,-61,-6.1,34-37.0,-104-07.6,13880,21950042,-0.226562,-0.09375,1.015625,21950044,39,0.814286,21950052,1.639557,-50,21950214,400,23985,17924,0,21945166,-50.028149,15412.95703,8.857027,3752634,0,1,201,69,1,2779096485
22010382,15:29:18,45176,147.93,-59.8,-6.5,34-37.0,-104-07.7,14201,22010163,-0.234375,-0.046875,1.03125,22010165,39,0.882143,22010173,0.380898,-50,22010335,400,24000,17925,0,22006306,-52.4305,14535.80469,8.482273,102400000,0,1,154,133,1,2779096485
22070503,15:30:18,47273,133.83,-63.3,-6.5,34-37.0,-104-07.9,14606,22070284,-0.210938,-0.101562,1.023438,22070286,39,3.492143,22070294,0,-50,22070456,400,24002,17948,0,22065408,-54.271252,13803.68164,8.256504,102400000,0,1,155,185,1,2779096485
22130632,15:31:18,47581,131.87,-63.8,-6.5,34-37.0,-104-07.9,14924,22130413,-0.234375,-0.101562,1.007812,22130415,39,2.727143,22130423,0,-50,22130585,400,24018,17948,0,22124518,-55.852608,12996.49121,8.081011,102400000,0,1,156,237,1,2779096485
22190753,15:32:18,49819,118.43,-63.7,-7.4,34-37.1,-104-08.0,15296,22190534,-0.234375,-0.101562,1.007812,22190536,39,0.860714,22190544,0,-50,22190706,400,23983,17930,0,22183620,-56.990761,12358.90039,7.919926,102400000,0,1,157,33,1,2779096485
22250874,15:33:18,50109,116.79,-67.3,-8.3,34-37.1,-104-08.0,15590,22250655,-0.226562,-0.117188,1.03125,22250657,39,3.461429,22250665,0,-50,22250827,400,23963,17922,0,22250874,-57.511993,11658.5459,7.859498,102400000,0,1,181,130,1,2779096485
22310995,15:34:18,51493,109.25,-68.2,-8.9,34-37.2,-104-07.9,15949,22310776,-0.21875,-0.09375,1.007812,22310778,39,3.090714,22310786,0,-50,22310948,400,23921,17892,0,22310995,-58.35804,11117.20801,7.786678,12908410,0,1,204,187,1,2779096485
22371128,15:35:18,52447,104.33,-64.9,-9.4,34-37.2,-104-07.8,16228,22370909,-0.234375,-0.125,1.039062,22370911,39,1.060714,22370919,0,-50,22371081,400,23892,17870,0,22371128,-59.201561,10661.64648,7.694569,12537976,0,1,204,244,1,2779096485
22431249,15:36:18,53172,100.73,-71.8,-9.9,34-37.4,-104-07.7,16655,22431030,-0.234375,-0.109375,1.039062,22431032,39,0.498571,22431040,0,-50,22431202,400,23826,17834,0,22431249,-58.488976,10239.91797,7.660763,15544592,0,1,204,45,1,2779096485
22491370,15:37:19,53647,98.44,-68.5,-10,34-37.4,-104-07.7,16773,22491151,-0.226562,-0.101562,1.015625,22491153,39,1.217143,22491161,0,-50,22491323,400,23769,17815,12,22491370,-57.411274,9944.102539,7.714365,102400000,0,1,157,104,1,2779096485
22551491,15:38:19,54071,96.44,-68.8,-9.7,34-37.3,-104-07.7,16905,22551272,-0.226562,-0.085938,1.007812,22551274,39,1.963571,22551282,0,-50,22551444,400,23699,17745,55,22550472,-56.449383,9722.557617,7.728797,102400000,0,1,156,156,1,2779096485
22611629,15:39:19,54525,94.34,-61,-8.9,34-37.3,-104-07.7,17018,22611410,-0.226562,-0.09375,1.023438,22611412,39,1.494286,22611420,0,-50,22611582,400,23591,17680,130,22611629,-55.845051,9420.589844,7.718848,102400000,0,1,156,218,1,2779096485
22671750,15:40:19,55129,91.62,-60.4,-8.3,34-37.2,-104-07.7,17197,22671531,-0.226562,-0.09375,1.046875,22671533,39,0.789286,22671541,0,-50,22671703,400,23594,17655,129,22670731,-55.429573,9128.921875,7.665234,102400000,0,1,155,14,1,2779096485
22731871,15:41:19,55819,88.6,-65.3,-7.6,34-37.2,-104-07.8,17374,22731652,-0.226562,-0.085938,1.0625,22731654,39,2.407143,22731662,0,-50,22731824,400,23597,17669,131,22727795,-54.006847,8775.681641,7.721249,102400000,0,1,154,56,1,2779096485
22791992,15:42:19,56493,85.75,-60.6,-7,34-37.0,-104-08.0,17588,22791773,-0.226562,-0.085938,1.023438,22791775,39,0.455714,22791783,0,-50,22791945,400,23591,17650,123,22785878,-53.019745,8509.824219,7.705481,102400000,0,1,201,106,1,2779096485
22852113,15:43:19,57124,83.16,-59.6,-6.4,34-37.0,-104-08.3,17753,22851894,-0.226562,-0.09375,1.023438,22851896,39,3.005,22851904,0,-50,22852066,400,23589,17662,120,22844980,-52.830883,8186.668457,7.674846,102400000,0,1,201,158,1,2779096485
22912234,15:44:19,57944,79.91,-62,-5.9,34-37.0,-104-08.5,17982,22912015,-0.226562,-0.078125,1.007812,22912017,39,1.229286,22912025,0,-50,22912187,400,23671,17695,85,22912234,-53.057518,7841.784668,7.560184,102400000,0,1,154,252,1,2779096485
22971336,15:45:19,58779,76.73,-63.6,-5.6,34-37.3,-104-08.7,18261,22971117,-0.226562,-0.09375,1.03125,22971119,39,2.927857,22971127,0,-50,22971289,400,23614,17669,118,22971336,-52.569,7527.430176,7.519094,102400000,0,1,153,48,1,2779096485
23031457,15:46:19,59549,73.91,-57.9,-5.1,34-37.4,-104-08.8,18498,23031238,-0.226562,-0.085938,1.046875,23031240,39,0.767857,23031248,0,-50,23031410,400,23582,17630,134,23024324,-52.188759,7283.974609,7.442411,102400000,0,1,153,70,1,2779096485
23091578,15:47:19,60273,71.35,-63.3,-4.5,34-37.3,-104-09.0,18722,23091359,-0.234375,-0.0625,1.015625,23091361,39,1.309286,23091369,0,-50,23091531,400,23581,17644,132,23091578,-50.974995,6958.869629,7.443923,102400000,0,1,176,167,1,2779096485
23151699,15:48:19,61042,68.73,-61.9,-3.6,34-37.3,-104-09.3,18932,23151480,-0.226562,-0.085938,1.039062,23151482,39,0.476429,23151490,0,-50,23151652,400,23551,17593,152,23151699,-50.149025,6667.220703,7.350078,102400000,0,1,199,224,1,2779096485
23211820,15:49:19,61853,66.07,-59.6,-2.6,34-37.3,-104-09.7,19186,23211601,-0.226562,-0.078125,1.007812,23211603,39,0.361429,23211611,0,-50,23211773,400,23583,17628,123,23211820,-49.2752,6441.918457,7.284111,102400000,0,1,198,25,1,2779096485
23271941,15:50:19,62484,64.07,-57.5,-1.9,34-37.5,-104-10.0,19382,23271722,-0.226562,-0.085938,1.046875,23271724,39,0.692857,23271732,0,-50,23271894,400,23604,17629,117,23266846,-48.84206,6247.576172,7.165335,102400000,0,1,175,57,1,2779096485
23332072,15:51:19,63149,62.03,-60.1,-0.7,34-37.7,-104-10.3,19577,23331853,-0.226562,-0.078125,1.085938,23331855,39,0.847143,23331863,0,-50,23332025,400,23590,17613,124,23331053,-47.555225,5990.732422,7.086478,102400000,0,1,197,139,1,2779096485
23392193,15:52:19,63888,59.84,-59.7,0.3,34-37.9,-104-10.6,19780,23391974,-0.226562,-0.0625,1.007812,23391976,39,2.495,23391984,0,-50,23392146,400,23623,17614,111,23392193,-47.633289,5742.138672,6.887538,102400000,0,1,150,203,1,2779096485
23451295,15:53:19,64776,57.31,-56.9,1.1,34-38.0,-104-10.7,20032,23451076,-0.210938,-0.085938,1.046875,23451078,39,0.666429,23451086,0,-50,23451248,400,23633,17608,100,23451295,-47.638329,5498.068359,6.681852,102400000,0,1,150,255,1,2779096485
23511416,15:54:19,65678,54.85,-55.1,1.1,34-38.0,-104-10.8,20296,23511197,-0.226562,-0.070312,1.023438,23511199,39,1.318571,23511207,0,-50,23511369,400,23578,17574,136,23510397,-47.127113,5267.961914,6.522031,102400000,0,1,149,51,1,2779096485
23571537,15:55:19,66531,52.62,-55.6,1.1,34-38.0,-104-11.2,20550,23571318,-0.21875,-0.070312,1.039062,23571320,39,0.661429,23571328,0,-50,23571490,400,23576,17569,131,23566442,-46.132378,5033.614258,6.384517,102400000,0,1,195,91,1,2779096485
23632677,15:56:20,67476,50.26,-55,1.1,34-38.0,-104-11.5,20824,23632458,-0.21875,-0.078125,1.007812,23632460,39,1.572143,23632468,0,-50,23632630,400,23533,17541,171,23627582,-46.089565,4815.850098,6.168951,102400000,0,1,148,155,1,2779096485
23692798,15:57:20,68299,48.29,-54,1.3,34-38.0,-104-11.8,21094,23692579,-0.226562,-0.078125,0.992188,23692581,39,0.566429,23692589,0,-50,23692751,400,23465,17484,208,23686684,-45.36932,4634.006836,5.969219,102400000,0,1,147,207,1,2779096485
23752919,15:58:20,69037,46.59,-58,2.1,34-37.9,-104-12.1,21355,23752700,-0.226562,-0.070312,1,23752702,39,0.816429,23752710,0,-50,23752872,400,23466,17489,211,23752919,-44.15295,4419.436035,5.780445,102400000,0,1,171,43,1,2779096485
23813040,15:59:20,69868,44.75,-52.9,2.7,34-37.8,-104-12.5,21579,23812821,-0.234375,-0.085938,1.03125,23812823,39,1.152143,23812831,0,-50,23812993,400,23402,17447,251,23813040,-43.284103,4230.48877,5.571174,102400000,0,1,171,100,1,2779096485
23873174,16:00:20,70687,43.01,-53.4,3.1,34-37.7,-104-13.1,21858,23872955,-0.226562,-0.078125,0.992188,23872957,39,1.28,23872965,0,-50,23873127,400,23263,17344,413,23869098,-43.057446,4062.876221,5.339868,102400000,0,1,146,137,1,2779096485
23932276,16:01:20,71570,41.21,-52.4,3.7,34-37.7,-104-13.5,22092,23932057,-0.21875,-0.070312,0.992188,23932059,39,1.339286,23932067,0,-50,23932229,400,23163,17282,532,23932276,-41.982079,3869.1604,5.113927,102400000,0,1,192,214,1,2779096485
23992397,16:02:20,72378,39.63,-49.8,3.9,34-37.6,-104-13.9,22340,23992178,-0.234375,-0.078125,1.023438,23992180,39,1.19,23992188,0,-50,23992350,400,23020,17215,822,23992397,-41.158546,3738.878662,4.887232,102400000,0,1,192,15,1,2779096485
24052518,16:03:20,73020,38.42,-51.8,4.4,34-37.6,-104-14.4,22567,24052299,-0.21875,-0.070312,1.03125,24052301,39,2.727143,24052309,0,-50,24052471,400,22912,17176,1059,24052518,-40.798405,3585.658936,4.613407,102400000,0,1,144,74,1,2779096485
24112659,16:04:20,73890,36.84,-49.5,5.2,34-37.5,-104-14.9,22788,24112440,-0.210938,-0.070312,0.984375,24112442,39,2.297143,24112450,0,-50,24112612,400,22899,17223,1091,24110621,-39.733082,3413.165283,4.385568,102400000,0,1,191,124,1,2779096485
24172780,16:05:20,74835,35.2,-50.3,5.7,34-37.5,-104-15.7,23046,24172561,-0.210938,-0.070312,0.96875,24172563,39,0.587857,24172571,0,-49.76,24172733,400,22921,17275,1021,24171761,-39.97234,3240.703613,4.073077,102400000,0,1,143,188,1,2779096485
24232901,16:06:20,75864,33.5,-48.4,5.5,34-37.5,-104-16.2,23359,24232682,-0.21875,-0.0625,1.03125,24232684,39,2.317143,24232692,0,-49.33,24232854,400,22936,17294,1018,24228825,-38.808784,3083.559082,3.888122,102400000,0,1,143,230,1,2779096485
24293022,16:07:20,76824,31.99,-49.2,5.7,34-37.5,-104-17.0,23707,24292803,-0.21875,-0.023438,0.992188,24292805,39,0.925,24292813,0,-48.28,24292975,400,22927,17289,1040,24286908,-37.703144,2941.730469,3.654757,102400000,0,1,188,24,1,2779096485
24353143,16:08:20,77722,30.64,-49.2,5.9,34-37.6,-104-17.7,23960,24352924,-0.21875,-0.054688,1.117188,24352926,39,0.826429,24352934,0,-46.1,24353096,400,22920,17286,1038,24348048,-37.350544,2820.445068,3.3702,102400000,0,1,141,88,1,2779096485
24413264,16:09:20,78472,29.56,-46.9,6.2,34-37.7,-104-18.6,24233,24413045,-0.21875,-0.054688,1.03125,24413047,39,2.44,24413055,0,-46.81,24413217,400,22832,17204,1253,24413264,-36.073616,2702.217041,3.112815,102400000,0,1,165,175,1,2779096485
24472366,16:10:20,79228,28.51,-45.9,6.4,34-37.8,-104-19.4,24446,24472147,-0.21875,-0.070312,1.023438,24472149,39,2.362857,24472157,0,-46.58,24472319,400,22782,17193,1443,24472366,-35.106468,2598.988037,2.8657,102400000,0,1,164,227,1,2779096485
24533509,16:11:21,80059,27.4,-47,7.1,34-38.0,-104-20.2,24709,24533290,-0.210938,-0.0625,1.078125,24533292,39,0.544286,24533300,0,-45.72,24533462,400,22748,17192,1515,24533509,-34.126717,2465.077148,2.608088,102400000,0,1,186,38,1,2779096485
24593630,16:12:21,81063,26.12,-45.1,6.8,34-38.1,-104-20.8,24983,24593411,-0.210938,-0.09375,1.070312,24593413,39,0.79,24593421,0,-45.72,24593583,400,22695,17168,1741,24593630,-33.192284,2339.14209,2.347155,102400000,0,1,185,95,1,2779096485
24653751,16:13:21,82069,24.9,-46.2,6.6,34-38.2,-104-21.5,25314,24653532,-0.210938,-0.101562,1.054688,24653534,39,0.906429,24653542,0,-45.45,24653704,400,22589,17103,2265,24647637,-33.177174,2236.282471,2.087434,102400000,0,1,138,122,1,2779096485
24713872,16:14:21,83030,23.79,-44.7,6.8,34-38.2,-104-22.1,25589,24713653,-0.226562,-0.054688,1.132812,24713655,39,0.977857,24713663,0,-44.51,24713825,400,22438,17019,2921,24712853,-31.197464,2123.403809,1.874593,102400000,0,1,184,209,1,2779096485
24775019,16:15:22,83927,22.8,-42.5,7.3,34-38.2,-104-22.8,25891,24774800,-0.21875,-0.070312,0.984375,24774802,39,1.577143,24774810,0,-44.37,24774972,400,22209,16893,4914,24774000,-30.993444,2020.08252,1.587564,102400000,0,1,136,17,1,2779096485
24835140,16:16:22,84886,21.79,-42.2,8.3,34-38.1,-104-23.4,26144,24834921,-0.210938,-0.0625,1.085938,24834923,39,1.494286,24834931,0,-44.24,24835093,400,21974,16784,7745,24830045,-29.46455,1918.937866,1.409793,102400000,0,1,182,57,1,2779096485
24895261,16:17:22,85902,20.77,-45.3,9.3,34-38.0,-104-24.2,26480,24895042,-0.210938,-0.054688,1.117188,24895044,39,1.574286,24895052,0,-43.45,24895214,400,21775,16711,12079,24891185,-29.273123,1827.931763,1.13489,102400000,0,1,135,121,1,2779096485
24954363,16:18:22,86758,19.95,-44.6,10,34-37.9,-104-24.9,26739,24954144,-0.210938,-0.054688,1.046875,24954146,39,0.530714,24954154,0,-39.97,24954316,400,21712,16726,13194,24948249,-27.948227,1760.592651,0.953007,102400000,0,1,134,163,1,2779096485
25015503,16:19:23,87575,19.2,-41.5,10.6,34-37.8,-104-25.8,27009,25015284,-0.210938,-0.0625,0.960938,25015286,39,0.853571,25015294,0,-38.57,25015456,400,21702,16754,13835,25015503,-26.965878,1676.763428,0.734381,102400000,0,1,159,4,1,2779096485
25075633,16:20:23,88356,18.51,-44.9,11.1,34-37.6,-104-26.5,27238,25075414,-0.179688,-0.101562,1,25075416,39,2.222143,25075424,0,-38.39,25075586,400,21598,16667,15918,25067481,-26.187546,1608.673584,0.566004,102400000,0,1,132,21,1,2779096485
25135754,16:21:23,89373,17.65,-39,11.6,34-37.5,-104-27.3,27538,25135535,-0.203125,-0.054688,1.101562,25135537,39,0.467857,25135545,0,-38.01,25135707,400,21484,16596,22947,25135754,-24.396605,1506.190674,0.376801,102400000,0,1,178,123,1,2779096485
25195875,16:22:23,90560,16.7,-40.9,12.4,34-37.3,-104-28.0,27841,25195656,-0.203125,-0.046875,1.03125,25195658,39,0.681429,25195666,0,-35.54,25195828,400,21449,16592,25003,25192818,-23.726566,1418.556519,0.190141,102400000,0,1,156,165,1,2779096485
25257015,16:23:24,91766,15.79,-44.7,12.7,34-37.3,-104-29.0,28237,25256796,-0.203125,-0.007812,0.976562,25256798,39,2.204286,25256806,0,-35.21,25256968,400,21317,16481,34066,25255996,-22.089233,1335.083374,0.021564,102400000,0,1,177,242,1,2779096485
25317143,16:24:24,92874,15,-40,13.3,34-37.2,-104-29.8,28599,25316924,-0.210938,-0.054688,1.109375,25316926,39,0.544286,25316934,0,-34.88,25317096,400,21187,16369,43199,25317143,-21.8197,1267.055298,0,102400000,0,1,129,50,1,2779096485
25377264,16:25:24,93743,14.41,-42.2,13.9,34-37.2,-104-30.5,28856,25377045,-0.210938,-0.046875,1.0625,25377047,39,0.595714,25377055,0.053692,-32.28,25377217,400,21144,16361,45709,25374207,-20.37882,1209.2146,0,102400000,0,1,128,92,1,2779096485
25436366,16:26:24,94650,13.82,-38.8,13.9,34-37.2,-104-31.4,29168,25436147,-0.203125,-0.054688,1.039062,25436149,39,2.195,25436157,0.05722,-31.81,25436319,400,21018,16232,54667,25432290,-18.942955,1154.369263,0,102400000,0,1,174,142,1,2779096485
25497506,16:27:25,95599,13.23,-40.5,13.9,34-37.2,-104-32.1,29420,25497287,-0.1875,-0.0625,1.007812,25497289,39,0.719286,25497297,0.538349,-29.3,25497459,400,20912,16139,60000,25493430,-18.655779,1108.442017,0,102400000,0,1,125,206,1,2779096485
25557644,16:28:25,96269,12.83,-40.3,14.5,34-37.2,-104-33.0,29677,25557425,-0.203125,-0.03125,1.078125,25557427,39,0.436429,25557435,0.559807,-24.89,25557597,400,20895,16144,60000,25550511,-17.081333,1068.783325,0,102400000,0,1,124,248,1,2779096485
25617765,16:29:25,97067,12.37,-36.3,14.8,34-37.3,-104-33.8,29899,25617546,-0.203125,-0.03125,0.992188,25617548,39,0.99,25617556,0.37241,-23.55,25617718,400,20848,16115,60000,25617765,-15.947716,1020.908875,0,102400000,0,1,150,89,1,2779096485
25677886,16:30:25,98008,11.85,-34.2,15.4,34-37.4,-104-34.7,30129,25677667,-0.195312,-0.046875,1.046875,25677669,39,2.045714,25677677,0,-23.51,25677839,400,20735,15979,60000,25675848,-15.174329,976.180298,0,102400000,0,1,122,136,1,2779096485
25738007,16:31:25,98820,11.42,-39.5,16.3,34-37.5,-104-35.5,30382,25737788,-0.203125,-0.078125,1.117188,25737790,39,0.486429,25737798,0,-21.84,25737960,400,20671,15925,60000,25738007,-13.194227,918.802917,0,102400000,0,1,170,208,1,2779096485
25798135,16:32:25,100111,10.77,-35.5,16.6,34-37.5,-104-36.6,30767,25797916,-0.203125,-0.023438,1.007812,25797918,39,0.571429,25797926,0,-20.86,25798088,400,20618,15902,60000,25798135,-12.015214,862.47052,0,102400000,0,1,169,9,1,2779096485
25858256,16:33:25,101291,10.21,-34.1,16.3,34-37.6,-104-37.6,31133,25858037,-0.1875,-0.046875,1.03125,25858039,39,1.14,25858047,0.026131,-20.77,25858209,400,20421,15673,60000,25855199,-11.352643,819.938599,0,102400000,0,1,146,51,1,2779096485
25917358,16:34:25,101356,10.18,-34.8,16.9,34-37.6,-104-38.6,31412,25917139,-0.1875,-0.046875,1.078125,25917141,39,0.517143,25917149,0.359535,-18.41,25917311,400,20242,15547,60000,25905130,-10.914285,795.248169,0,102400000,0,1,119,58,1,2779096485
25977479,16:35:25,101997,9.89,-31.7,17.2,34-37.7,-104-39.6,31622,25977260,-0.203125,-0.0625,1.054688,25977262,39,0.516429,25977270,0.185108,-15.6,25977432,400,20165,15525,60000,25976460,-8.805601,763.260437,0,102400000,0,1,167,175,1,2779096485
26037605,16:36:25,102635,9.61,-34.4,18.2,34-37.7,-104-40.6,31811,26037386,-0.203125,-0.046875,1.054688,26037388,39,1.931429,26037396,0.066566,-14.98,26037558,400,20034,15377,60000,26037605,-8.596495,732.32959,0,102400000,0,1,117,239,1,2779096485
26097726,16:37:25,103365,9.3,-30,18.9,34-37.9,-104-41.7,32021,26097507,-0.195312,-0.007812,1.078125,26097509,39,0.408571,26097517,0,-14.12,26097679,400,19946,15329,60000,26096707,-7.608897,703.432495,0,102400000,0,1,116,35,1,2779096485
26157847,16:38:25,104147,8.98,-31.6,19.2,34-38.0,-104-42.6,32300,26157628,-0.195312,0,1.007812,26157630,39,0.45,26157638,0,-11.13,26157800,400,19942,15368,60000,26155809,-6.636404,671.328979,0,102400000,0,1,115,87,1,2779096485
26217968,16:39:25,105114,8.6,-31.5,19.2,34-38.1,-104-43.4,32558,26217749,-0.1875,-0.03125,1.007812,26217751,39,0.661429,26217759,0,-7.61,26217921,400,19947,15383,60000,26205740,-5.951118,638.16687,0,102400000,0,1,114,92,1,2779096485
26278099,16:40:25,106293,8.16,-32.8,19.5,34-38.3,-104-44.2,32890,26277880,-0.210938,-0.046875,1.070312,26277882,39,0.49,26277890,0,-4.19,26278052,400,19898,15364,60000,26270956,-3.79445,594.735474,0,102400000,0,1,163,179,1,2779096485
26338220,16:41:25,107454,7.75,-33.3,20.2,34-38.6,-104-45.0,33258,26338001,-0.195312,-0.03125,1.046875,26338003,39,1.530714,26338011,0,-2.35,26338173,400,19861,15343,60000,26338220,-3.716345,553.14624,0,102400000,0,1,112,17,1,2779096485
26398341,16:42:26,108498,7.4,-31.2,21.7,34-38.9,-104-45.7,33575,26398122,-0.195312,0,1.039062,26398124,39,0.367143,26398132,0,-2.18,26398294,400,19798,15311,60000,26397322,-2.716096,523.689514,0,102400000,0,1,111,69,1,2779096485
26458462,16:43:26,109404,7.11,-35.7,22.4,34-39.2,-104-46.6,33918,26458243,-0.203125,-0.015625,1.03125,26458245,39,1.074286,26458253,0,-0.51,26458415,420,19728,15257,60000,26450310,-1.703239,504.968994,0,102400000,0,1,110,91,1,2779096485
26518583,16:44:26,110217,6.86,-30,22.4,34-39.5,-104-47.3,34155,26518364,-0.1875,-0.015625,1.015625,26518366,39,0.366429,26518374,0,-0.35,26518536,452,19695,15239,60000,26509412,-0.801232,479.46167,0,102400000,0,1,110,143,1,2779096485
26578719,16:45:26,111166,6.58,-35.1,21.7,34-39.7,-104-47.9,34434,26578500,-0.203125,0,1.039062,26578502,39,1.790714,26578510,0,-0.09,26578672,667,19524,15056,60000,26578719,1.126271,457.560272,0,78135320,0,1,159,250,1,2779096485
26653106,16:46:40,112342,6.25,-33.6,20.9,34-39.7,-104-48.5,34599,26652887,-0.195312,0,1.03125,26652889,39,0.359286,26652897,0,0.81,26653059,706,19503,15038,60000,26650049,1.63524,420.687347,0,102400000,0,1,136,108,1,2779096485
26713227,16:47:40,113509,5.94,-32.4,20.2,34-39.5,-104-49.4,35062,26713008,-0.195312,-0.03125,1.054688,26713010,39,0.55,26713018,0,0.33,26713180,801,19422,14964,60000,26708132,2.300431,392.469788,0,102400000,0,1,135,155,1,2779096485
26772329,16:48:40,114783,5.62,-26.8,19.9,34-39.2,-104-50.4,35492,26772110,-0.195312,0.007812,1.039062,26772112,39,1.185,26772120,0,-0.55,26772282,1572,19178,14673,60000,26766215,2.577595,362.151855,0,102400000,0,1,106,202,1,2779096485
26832459,16:49:40,116138,5.3,-30.1,20.2,34-38.9,-104-51.2,35879,26832240,-0.203125,-0.007812,1.015625,26832242,39,1.556429,26832250,0,-0.88,26832412,2550,18868,14424,60000,26819212,3.356179,336.688904,0,102400000,0,1,105,224,1,2779096485
26892580,16:50:40,117350,5.03,-31.7,20.9,34-38.7,-104-52.1,36233,26892361,-0.195312,-0.054688,1.054688,26892363,39,0.699286,26892371,0,-0.36,26892533,2572,18774,14429,60000,26878314,3.973508,315.585907,0,102400000,0,1,104,20,1,2779096485
26952701,16:51:40,118198,4.85,-31.4,20.9,34-38.5,-104-53.0,36539,26952482,-0.203125,-0.007812,1.015625,26952484,39,0.570714,26952492,0,1.97,26952654,2469,18710,14435,60000,26937416,4.560604,304.224335,0,102400000,0,1,104,72,1,2779096485
27012822,16:52:40,118488,4.79,-31.7,20.9,34-38.3,-104-53.8,36686,27012603,-0.195312,0,1.015625,27012605,39,0.362143,27012613,0,4.28,27012775,2138,18714,14494,60000,26996518,5.19054,300.188873,0,102400000,0,1,103,124,1,2779096485
27072950,16:53:40,118930,4.7,-31.9,20.9,34-38.0,-104-54.9,36769,27072731,-0.195312,-0.015625,1.054688,27072733,39,0.332857,27072741,0,5.17,27072903,2138,18680,14487,60000,27055627,5.833079,289.528198,0,102400000,0,1,103,176,1,2779096485
27133071,16:54:40,119688,4.55,-29.4,21.6,34-37.8,-104-55.8,36965,27132852,-0.1875,0,1.023438,27132854,39,0.320714,27132862,0,5.22,27133024,2229,18633,14474,60000,27114729,6.480662,271.324768,0.204791,102400000,0,1,102,228,1,2779096485
27193192,16:55:40,120795,4.34,-30.7,22.8,34-37.6,-104-56.7,37255,27192973,-0.195312,0,1.03125,27192975,39,0.330714,27192983,0,5.48,27193145,2212,18616,14474,60000,27179945,6.99722,251.918472,0.100543,102400000,0,1,101,54,1,2779096485
27252294,16:56:40,121565,4.2,-27.3,24.7,34-37.4,-104-57.7,37532,27252075,-0.203125,-0.007812,1.015625,27252077,39,0.337857,27252085,0,5.86,27252247,2180,18603,14480,60000,27246180,8.305006,243.953217,0.054332,102400000,0,1,100,143,1,2779096485
27312427,16:57:40,121903,4.14,-26,25.9,34-37.2,-104-58.6,37678,27312208,-0.1875,-0.015625,1.070312,27312210,39,0.34,27312218,0,6.38,27312380,2376,18546,14453,60000,27305294,8.814014,241.042175,0.272482,90613208,0,1,100,195,1,2779096485
27372548,16:58:40,122421,4.05,-25,27.6,34-37.1,-104-59.6,37778,27372329,-0.1875,-0.023438,1.046875,27372331,39,0.330714,27372339,0,6.86,27372501,2187,18553,14469,60000,27366434,8.682982,223.571289,0.108828,102400000,0,1,100,1,1,2779096485
27432669,16:59:40,123191,3.92,-24,29,34-37.0,-105-00.5,37984,27432450,-0.195312,-0.023438,1.054688,27432452,39,0.408571,27432460,0.457287,6.88,27432622,2246,18545,14466,60000,27425536,9.101278,213.729614,0.675858,74599888,0,1,100,53,1,2779096485
27492790,17:00:40,123678,3.84,-24.2,30.8,34-36.8,-105-01.4,38170,27492571,-0.179688,-0.015625,1.039062,27492573,39,0.652143,27492581,0,6.48,27492743,3375,18402,14291,60000,27484638,9.496897,208.084244,0.515733,74599888,0,1,99,105,1,2779096485
27552924,17:01:40,124176,3.76,-18.7,31.3,34-36.7,-105-02.1,38325,27552705,-0.195312,-0.015625,1.046875,27552707,39,1.163571,27552715,0.666142,6.1,27552877,7080,18070,13917,60000,27543753,9.867319,200.382919,1.032294,39067660,0,1,99,157,1,2779096485
27613045,17:02:40,124494,3.71,-13.7,32.2,34-36.5,-105-02.9,38450,27612826,-0.1875,-0.015625,1.023438,27612828,39,1.379286,27612836,0.325394,5.97,27612998,9755,17872,13754,60000,27602855,10.255381,200.220169,1.418314,29775556,0,1,99,209,1,2779096485
27673166,17:03:40,124494,3.71,-23.1,32.2,34-36.4,-105-03.8,38484,27672947,-0.210938,-0.015625,1.039062,27672949,39,1.383571,27672957,1.074791,6.12,27673119,9130,17807,13786,60000,27668071,10.509891,203.623413,1.327911,38381260,0,1,98,35,1,2779096485
27732268,17:04:40,124113,3.77,-28.5,30.8,34-36.2,-105-04.6,38416,27732049,-0.179688,-0.015625,1.046875,27732051,39,0.943571,27732059,1.577854,6.85,27732221,8696,17775,13813,60000,27729211,11.535495,209.349411,1.663742,2141139.5,0,1,127,97,1,2779096485
27792396,17:05:40,124303,3.74,-23.4,28.9,34-36.0,-105-05.4,38359,27792177,-0.1875,0,1.046875,27792179,39,0.586429,27792187,1.071358,7.92,27792349,7520,17799,13891,60000,27790358,12.351955,205.059753,1.768324,141475.5469,0,1,148,159,1,2779096485
27852517,17:06:40,124622,3.69,-26.8,27.2,34-35.9,-105-06.1,38493,27852298,-0.1875,0,1.023438,27852300,39,0.44,27852308,2.136421,8.13,27852470,7259,17789,13902,60000,27852517,12.548512,201.76857,1.861957,9881785,0,1,97,228,1,2779096485
27912638,17:07:40,124622,3.69,-28.6,25.9,34-35.7,-105-06.8,38526,27912419,-0.195312,-0.023438,1.039062,27912421,39,0.429286,27912429,1.700592,10.3,27912591,6808,17788,13930,60000,27911619,13.019745,208.791412,2.216297,9381048,0,1,97,24,1,2779096485
27972759,17:08:40,124113,3.77,-27.2,23.9,34-35.5,-105-07.5,38433,27972540,-0.1875,-0.007812,1.039062,27972542,39,0.556429,27972550,0.052261,13.06,27972712,5974,17834,13987,60000,27972759,12.936586,214.10817,1.71916,15600095,0,1,97,86,1,2779096485
28032889,17:09:40,123864,3.81,-23.4,22.4,34-35.3,-105-08.1,38305,28032670,-0.179688,0.007812,1.0625,28032672,39,0.551429,28032680,0,15.59,28032842,4891,17919,14059,60000,28029832,14.468738,216.223862,1.038968,211964.3906,0,1,148,126,1,2779096485
28093010,17:10:40,124239,3.75,-23.8,21.3,34-35.1,-105-08.9,38334,28092791,-0.179688,0.007812,1.015625,28092793,39,0.476429,28092801,0,17.71,28092963,4472,17991,14118,60000,28088934,15.002981,207.399948,0.940416,186046.5156,0,1,148,178,1,2779096485
28153131,17:11:40,124945,3.64,-29.8,21.6,34-34.9,-105-09.5,38503,28152912,-0.171875,0,1.046875,28152914,39,0.405714,28152922,0.519848,18.32,28153084,4501,17994,14119,60000,28141922,14.299898,194.444778,0.89035,17569974,0,1,96,195,1,2779096485
28213252,17:12:40,125011,3.63,-30.9,22.4,34-34.8,-105-10.5,38651,28213033,-0.1875,0.007812,1.078125,28213035,39,0.349286,28213043,0,19.44,28213205,4570,17983,14108,60000,28210195,15.063461,205.804047,1.048941,13016087,0,1,95,38,1,2779096485
28272354,17:13:40,124239,3.75,-32.7,23.9,34-34.6,-105-11.4,38527,28272135,-0.1875,-0.007812,1.046875,28272137,39,0.337143,28272145,0,20.01,28272307,4516,17987,14119,60000,28269297,15.597708,215.834396,0.765647,12284161,0,1,95,90,1,2779096485
28332486,17:14:40,123802,3.82,-25.5,25.1,34-34.6,-105-12.2,38304,28332267,-0.1875,0.007812,1.039062,28332269,39,0.252857,28332277,0,20.81,28332439,4538,17973,14114,60000,28328410,16.084078,216.329681,0.750777,13788344,0,1,95,142,1,2779096485
28392607,17:15:40,123988,3.79,-24.9,27.2,34-34.5,-105-13.2,38282,28392388,-0.1875,0.007812,1.046875,28392390,39,0.568571,28392398,0,22.12,28392560,4604,17950,14101,60000,28385474,17.581001,213.61673,0.738258,179208.9531,0,1,147,182,1,2779096485
28452728,17:16:40,124558,3.7,-24.4,28.9,34-34.5,-105-13.9,38424,28452509,-0.1875,-0.015625,1.039062,28452511,39,0.565,28452519,0.217915,23.55,28452681,5001,17880,14041,60000,28452728,16.882938,205.978897,1.533017,9953827,0,1,94,20,1,2779096485
28512849,17:17:40,124686,3.68,-31.2,30.8,34-34.4,-105-14.9,38512,28512630,-0.179688,-0.015625,1.03125,28512632,39,0.480714,28512640,0.270271,24.77,28512802,4666,17918,14090,60000,28504697,18.016979,211.497177,1.298364,6107735.5,0,1,94,32,1,2779096485
28572975,17:18:40,124430,3.72,-24.5,30.8,34-34.3,-105-15.8,38469,28572756,-0.1875,-0.007812,1.0625,28572758,39,0.490714,28572766,0,25.76,28572928,4678,17920,14096,60000,28565842,17.873333,211.307037,0.888394,9317032,0,1,94,94,1,2779096485
28634115,17:19:41,124303,3.74,-23.9,29.4,34-34.1,-105-16.6,38415,28633896,-0.179688,-0.007812,1.046875,28633898,39,0.532857,28633906,0,26.61,28634068,4889,17890,14065,60000,28632077,18.730173,211.720016,0.882753,1208972.875,0,1,123,181,1,2779096485
28694236,17:20:41,124366,3.73,-23.1,28,34-34.0,-105-17.6,38416,28694017,-0.171875,-0.007812,1.039062,28694019,39,0.564286,28694027,0,27.43,28694189,4643,17919,14093,60000,28694236,19.710506,209.583344,1.048398,112035.0078,0,1,146,248,1,2779096485
28753338,17:21:41,124622,3.69,-29.3,26.3,34-33.8,-105-18.5,38458,28753119,-0.1875,0.007812,1.03125,28753121,39,0.558571,28753129,0,28.25,28753291,4450,17954,14114,60000,28753338,20.154057,206.964233,0.854296,108268.1328,0,1,146,44,1,2779096485
28813469,17:22:41,124751,3.67,-29.8,24.7,34-33.7,-105-19.3,38540,28813250,-0.1875,0.015625,1.015625,28813252,39,0.521429,28813260,0.146961,29.01,28813422,4506,17956,14118,60000,28813469,20.711014,209.267044,1.072287,114132.8594,0,1,146,101,1,2779096485
28874609,17:23:42,124622,3.69,-30.1,23.1,34-33.5,-105-20.3,38539,28874390,-0.179688,-0.007812,1.015625,28874392,39,0.437857,28874400,0.39978,29.47,28874562,4801,17908,14069,60000,28868495,19.980164,209.47699,1.008552,8005863.5,0,1,92,128,1,2779096485
28934730,17:24:42,124113,3.77,-29.8,22.4,34-33.4,-105-21.1,38445,28934511,-0.179688,-0.007812,1.039062,28934513,39,0.337857,28934521,0,29.2,28934683,5389,17844,14022,60000,28934730,21.207491,220.736435,0.930826,5331598,0,1,92,217,1,2779096485
28994851,17:25:42,123926,3.8,-29.3,23.1,34-33.3,-105-22.0,38322,28994632,-0.195312,-0.015625,1.054688,28994634,39,0.316429,28994642,0,28.83,28994804,4855,17881,14055,60000,28993832,21.593082,219.915176,0.580734,6312464,0,1,91,13,1,2779096485
29054981,17:26:42,124113,3.77,-25.1,25.1,34-33.1,-105-22.8,38329,29054762,-0.179688,0.007812,1.070312,29054764,39,0.301429,29054772,0,28,29054934,4700,17911,14085,60000,29052943,22.432314,214.959106,0.643693,147211.0469,0,1,145,63,1,2779096485
29116121,17:27:43,124430,3.72,-29.4,27.2,34-32.9,-105-23.5,38423,29115902,-0.171875,-0.015625,1.09375,29115904,39,0.312143,29115912,0,26.91,29116074,4634,17945,14097,60000,29115102,21.661127,205.295853,0.352891,7363595.5,0,1,91,127,1,2779096485
29176242,17:28:43,124751,3.67,-28.1,28.9,34-32.6,-105-24.4,38527,29176023,-0.1875,0.015625,1.046875,29176025,39,0.325714,29176033,0,25.74,29176195,4759,17931,14061,60000,29174204,21.913149,202.468842,0.324713,7128127,0,1,91,179,1,2779096485
29235344,17:29:43,124880,3.65,-27,30.8,34-32.5,-105-25.1,38584,29235125,-0.179688,0.007812,1.054688,29235127,39,0.322143,29235135,0.277519,24.65,29235297,6165,17835,13966,60000,29231268,23.193426,210.097443,0.592048,132780.0781,0,1,145,219,1,2779096485
29295478,17:30:43,124494,3.71,-28.2,30.8,34-32.3,-105-26.1,38538,29295259,-0.1875,0,1.109375,29295261,39,0.310714,29295269,0,23.7,29295431,6350,17808,13952,60000,29278142,22.220615,211.031357,0.819187,6279800.5,0,1,91,206,1,2779096485
29355599,17:31:43,123988,3.79,-31.4,31.3,34-32.1,-105-26.9,38386,29355380,-0.1875,0,1.070312,29355382,39,0.305714,29355390,0,23.05,29355552,5974,17828,13971,60000,29352542,22.344105,216.558716,0.052752,8784987,0,1,90,79,1,2779096485
29415720,17:32:43,123802,3.82,-30.2,31.8,34-32.0,-105-27.7,38285,29415501,-0.1875,-0.007812,1.007812,29415503,39,0.302857,29415511,0,22.57,29415673,7219,17740,13895,60000,29411644,22.404591,216.307053,0.247882,8011736,0,1,90,131,1,2779096485
29475841,17:33:43,123864,3.81,-27.7,32.7,34-31.8,-105-28.6,38283,29475622,-0.179688,0.023438,1.023438,29475624,39,0.302143,29475632,0.016594,22.29,29475794,6663,17765,13928,60000,29468708,23.521061,216.574295,0.572192,155954.9219,0,1,145,171,1,2779096485
29535967,17:34:43,124113,3.77,-28.6,33.8,34-31.6,-105-29.4,38326,29535748,-0.195312,0,1.039062,29535750,39,0.303571,29535758,0.041008,22.09,29535920,6130,17822,13967,60000,29530867,22.472637,207.511139,0.378311,7599258,0,1,90,235,1,2779096485
29596088,17:35:43,124366,3.73,-29.4,34.3,34-31.5,-105-30.3,38417,29595869,-0.195312,-0.007812,1.015625,29595871,39,0.307143,29595879,1.126957,21.9,29596041,7682,17699,13868,60000,29589974,22.51296,203.847107,0.815887,6023529.5,0,1,90,31,1,2779096485
29656209,17:36:43,124366,3.73,-30.4,34.8,34-31.4,-105-31.2,38450,29655990,-0.1875,0,1.023438,29655992,39,0.317143,29656000,0.165653,21.74,29656162,7398,17696,13879,60000,29656209,22.901077,206.626526,0.784112,1027081.25,0,1,121,118,1,2779096485
29715311,17:37:43,124113,3.77,-30.8,34.8,34-31.2,-105-32.1,38401,29715092,-0.1875,0,1.09375,29715094,39,0.301429,29715102,0,21.6,29715264,7213,17709,13897,60000,29715311,22.913679,208.954193,0.403377,1201525.375,0,1,121,170,1,2779096485
29775432,17:38:43,124113,3.77,-30.4,35.3,34-31.1,-105-33.0,38358,29775213,-0.203125,-0.007812,1.054688,29775215,39,0.315,29775223,0.407028,21.5,29775385,7885,17677,13857,60000,29768299,22.563366,203.519043,0.598976,7151462,0,1,90,187,1,2779096485
29835568,17:39:43,124494,3.71,-30.1,35.9,34-31.0,-105-33.8,38416,29835349,-0.1875,-0.015625,1.070312,29835351,39,0.308571,29835359,0.248337,21.43,29835521,6732,17735,13921,60000,29835568,23.072454,199.079422,0.554948,1137461.875,0,1,120,23,1,2779096485
29895689,17:40:43,124815,3.66,-30.5,35.9,34-31.0,-105-34.8,38535,29895470,-0.195312,0.007812,1.070312,29895472,39,0.310714,29895480,0.720787,21.41,29895642,7213,17711,13895,60000,29895689,23.148062,197.037537,0.710868,1103448.25,0,1,120,80,1,2779096485
29955810,17:41:43,124751,3.67,-31.2,35.9,34-30.9,-105-35.7,38585,29955591,-0.179688,0,1.03125,29955593,39,0.312143,29955601,0.711632,21.5,29955763,8192,17615,13821,60000,29955810,23.5387,204.303284,1.198066,112478.0313,0,1,145,137,1,2779096485
30016950,17:42:44,123988,3.79,-30.9,35.9,34-30.9,-105-36.7,38431,30016731,-0.1875,0.007812,1.023438,30016733,39,0.313571,30016741,0,21.66,30016903,7439,17645,13875,60000,30011855,22.538164,210.044281,0.63983,9413387,0,1,90,169,1,2779096485
30077078,17:43:44,123433,3.88,-28.8,36.4,34-30.9,-105-37.6,38222,30076859,-0.1875,0,0.992188,30076861,39,0.33,30076869,0,21.9,30077031,7456,17664,13878,60000,30076059,23.745363,216.803345,0.589045,147211.0469,0,1,145,246,1,2779096485
30137199,17:44:44,123494,3.87,-26.1,37,34-30.8,-105-38.4,38162,30136980,-0.179688,0,1.070312,30136982,39,0.339286,30136990,0.18034,22.23,30137152,6576,17725,13936,60000,30137199,23.889019,211.456436,0.597547,167265.5938,0,1,145,52,1,2779096485
30196301,17:45:44,123926,3.8,-27.7,37,34-30.8,-105-39.2,38251,30196082,-0.179688,-0.007812,1.03125,30196084,39,0.36,30196092,0.3088,22.66,30196254,5667,17794,13986,60000,30196301,23.941944,203.391022,0.573006,172681.2813,0,1,145,104,1,2779096485
30256422,17:46:44,124239,3.75,-28.7,37,34-30.8,-105-40.3,38384,30256203,-0.1875,-0.007812,1.015625,30256205,39,0.372143,30256213,1.116753,23.27,30256375,7253,17690,13889,60000,30256422,23.561382,205.153381,1.032989,5378857.5,0,1,90,158,1,2779096485
30316560,17:47:44,123926,3.8,-29.9,37,34-30.8,-105-41.3,38366,30316341,-0.179688,0.007812,1.054688,30316343,39,0.372143,30316351,0.04406,23.9,30316513,7856,17624,13842,60000,30315541,23.679836,210.995163,0.922054,6003664.5,0,1,90,210,1,2779096485
30376681,17:48:44,123433,3.88,-29,37,34-30.8,-105-42.2,38211,30376462,-0.179688,-0.015625,1.0625,30376464,39,0.377857,30376472,0,24.55,30376634,7340,17649,13884,60000,30374643,24.292263,215.5448,0.655971,170609.7969,0,1,145,4,1,2779096485
30436802,17:49:44,123372,3.89,-23.2,37,34-30.8,-105-43.1,38150,30436583,-0.1875,-0.015625,1.039062,30436585,39,0.382857,30436593,0.318241,25.13,30436755,6883,17673,13908,60000,30434764,23.962107,213.529846,0.803392,5863994.5,0,1,90,58,1,2779096485
30496923,17:50:44,123555,3.86,-27,37.5,34-30.8,-105-43.9,38181,30496704,-0.195312,0.015625,1.054688,30496706,39,0.370714,30496714,0.508499,25.68,30496876,6448,17711,13941,60000,30495904,23.536182,206.006363,0.752895,6876810,0,1,90,120,1,2779096485
30557053,17:51:44,123802,3.82,-27.3,37.6,34-30.8,-105-44.8,38260,30556834,-0.195312,0,1.03125,30556836,39,0.358571,30556844,0.326347,26.08,30557006,5811,17766,13968,60000,30555015,23.71512,203.839386,0.601301,7398510,0,1,90,172,1,2779096485
30617174,17:52:44,123802,3.82,-28.1,37.6,34-30.8,-105-45.7,38302,30616955,-0.195312,-0.023438,1.039062,30616957,39,0.335,30616965,0.618172,26.39,30617127,8076,17617,13834,60000,30612079,25.000463,211.109131,1.374448,142897.0156,0,1,145,212,1,2779096485
30676276,17:53:44,123617,3.85,-28.7,37,34-30.7,-105-46.5,38265,30676057,-0.1875,-0.007812,1.070312,30676059,39,0.329286,30676067,0.076771,26.57,30676229,8209,17587,13823,60000,30674238,24.118362,209.475708,1.006005,6405004,0,1,90,20,1,2779096485
30736397,17:54:44,123494,3.87,-27.4,37,34-30.7,-105-47.2,38203,30736178,-0.1875,0,1.039062,30736180,39,0.316429,30736188,0,26.6,30736350,7155,17663,13895,60000,30733340,24.309904,209.635071,0.290455,7839234.5,0,1,89,72,1,2779096485
30796535,17:55:44,123555,3.86,-28.3,37,34-30.6,-105-48.0,38204,30796316,-0.1875,-0.007812,1.03125,30796318,39,0.312143,30796326,0.408745,26.43,30796488,7746,17619,13848,60000,30790421,25.577614,213.83783,0.787108,157538.4688,0,1,145,112,1,2779096485
30856656,17:56:44,123678,3.84,-27.8,37,34-30.5,-105-48.7,38238,30856437,-0.195312,0.015625,1.046875,30856439,39,0.31,30856447,0.26474,26.14,30856609,6906,17682,13903,60000,30852580,24.660223,206.269714,0.574404,6699652.5,0,1,89,176,1,2779096485
30916777,17:57:44,123802,3.82,-27.6,37,34-30.4,-105-49.4,38276,30916558,-0.179688,0.007812,1.03125,30916560,39,0.312143,30916568,0.276566,25.84,30916730,6819,17708,13909,60000,30911682,24.808922,206.121063,0.467661,6846636,0,1,89,228,1,2779096485
30976898,17:58:44,123864,3.81,-28.1,37,34-30.4,-105-50.2,38311,30976679,-0.171875,0.007812,1.039062,30976681,39,0.317143,30976689,0.874329,25.51,30976851,8394,17600,13803,60000,30976898,24.788759,203.562927,0.929655,6671010,0,1,89,54,1,2779096485
31037020,17:59:44,123864,3.81,-28.4,37,34-30.3,-105-50.9,38322,31036801,-0.1875,-0.007812,1.054688,31036803,39,0.315,31036811,0.702763,25.3,31036973,9124,17540,13758,60000,31028867,25.658264,207.500641,0.961459,5013464,0,1,88,66,1,2779096485
31097141,18:00:44,123740,3.83,-28.3,37.5,34-30.2,-105-51.6,38298,31096922,-0.195312,0,1.03125,31096924,39,0.312857,31096932,0.572205,25.21,31097094,9477,17504,13741,60000,31090008,25.144121,207.126129,0.918355,5801699.5,0,1,89,128,1,2779096485
31157262,18:01:44,123617,3.85,-28,37.5,34-30.1,-105-52.2,38265,31157043,-0.179688,0.023438,1.039062,31157045,39,0.330714,31157053,0.366688,25.26,31157215,8811,17544,13782,60000,31157262,25.756557,209.236465,0.721326,949907.25,0,1,120,220,1,2779096485
31216364,18:02:44,123617,3.85,-27.4,38.1,34-30.0,-105-52.8,38252,31216145,-0.1875,0,1.023438,31216147,39,0.342857,31216155,0.247478,25.44,31216317,8221,17590,13818,60000,31216364,25.844769,207.443787,0.535404,1018652.063,0,1,120,16,1,2779096485
31276485,18:03:44,123678,3.84,-27.1,38,34-29.9,-105-53.5,38262,31276266,-0.1875,0,1.046875,31276268,39,0.364286,31276276,0.232506,25.73,31276438,7989,17615,13835,60000,31268333,25.421354,205.47168,0.431545,6650700,0,1,88,28,1,2779096485
31336615,18:04:44,123740,3.83,-27,39.2,34-29.8,-105-54.2,38281,31336396,-0.1875,0,1.054688,31336398,39,0.375,31336406,0.360012,26.08,31336568,7827,17619,13837,60000,31336615,26.076639,207.362564,0.568918,1047570.313,0,1,120,125,1,2779096485
31396736,18:05:44,123678,3.84,-26.8,38.1,34-29.6,-105-55.1,38278,31396517,-0.171875,-0.023438,1.007812,31396519,39,0.384286,31396527,0.416946,26.51,31396689,7752,17635,13847,60000,31396736,26.555502,210.238098,0.532572,130645.5703,0,1,144,182,1,2779096485
31456857,18:06:44,123617,3.85,-26.6,37,34-29.5,-105-55.9,38252,31456638,-0.171875,0.007812,1.09375,31456640,39,0.417143,31456648,0.304222,27.05,31456810,7746,17632,13845,60000,31446667,25.743954,203.791245,0.432022,6761865.5,0,1,88,184,1,2779096485
31516978,18:07:44,123678,3.84,-26.6,35.8,34-29.4,-105-56.7,38243,31516759,-0.179688,0.015625,1.085938,31516761,39,0.427857,31516769,0.428391,27.69,31516931,7972,17607,13825,60000,31515959,26.815098,207.926987,0.620147,127141.7891,0,1,144,30,1,2779096485
31577109,18:08:44,123802,3.82,-27,35.3,34-29.3,-105-57.5,38276,31576890,-0.1875,0.007812,1.046875,31576892,39,0.417857,31576900,0.493813,28.37,31577062,8342,17581,13797,60000,31577109,27.135183,207.247879,0.691486,145578.625,0,1,144,92,1,2779096485
31637230,18:09:44,123864,3.81,-27.4,35.3,34-29.2,-105-58.3,38320,31637011,-0.1875,-0.007812,1.046875,31637013,39,0.251429,31637021,0.430965,28.97,31637183,8481,17566,13796,60000,31637230,27.324209,205.986572,0.671138,156097.5625,0,1,144,149,1,2779096485
31696332,18:10:44,123802,3.82,-27.3,35.8,34-29.1,-105-59.3,38319,31696113,-0.1875,0.007812,1.046875,31696115,39,0.355,31696123,0.338078,29.35,31696285,8354,17582,13799,60000,31693275,26.925995,206.634201,0.570584,981312.875,0,1,119,181,1,2779096485
31756461,18:11:44,123740,3.83,-26.9,36.3,34-29.0,-106-00.1,38288,31756242,-0.179688,-0.007812,1.101562,31756244,39,0.385714,31756252,0.15583,29.45,31756414,8597,17563,13788,60000,31756461,27.165426,208.327377,0.467315,5443189.5,0,1,88,255,1,2779096485
31817601,18:12:45,123802,3.82,-26.8,36.9,34-28.9,-106-00.9,38286,31817382,-0.179688,0,1.109375,31817384,39,0.259286,31817392,0.20752,29.51,31817554,8603,17561,13791,60000,31815563,27.835846,205.963318,0.464246,160652.6563,0,1,144,49,1,2779096485
31877722,18:13:45,123988,3.79,-27.2,37.5,34-28.9,-106-01.7,38330,31877503,-0.1875,0.007812,1.046875,31877505,39,0.439286,31877513,0.328827,29.77,31877675,8742,17544,13776,60000,31877722,26.895748,198.458725,0.466879,5838916.5,0,1,87,113,1,2779096485
31937849,18:14:45,124051,3.78,-27.5,38,34-28.7,-106-02.7,38373,31937630,-0.195312,0.007812,1.03125,31937632,39,0.427143,31937640,0.229263,30.13,31937802,8383,17576,13804,60000,31936830,27.069653,200.206421,0.35944,6276192.5,0,1,87,165,1,2779096485
31997970,18:15:45,123926,3.8,-27.2,39.2,34-28.7,-106-03.5,38349,31997751,-0.164062,0,1.03125,31997753,39,0.369286,31997761,0.151157,30.38,31997923,8389,17576,13794,60000,31993894,28.339924,210.55867,0.402628,164842.2344,0,1,144,205,1,2779096485
32059110,18:16:46,123678,3.84,-26.6,39.2,34-28.6,-106-04.3,38284,32058891,-0.179688,0,1.03125,32058893,39,0.383571,32058901,0.067902,30.6,32059063,8661,17558,13785,60000,32056053,27.422504,207.201538,0.264588,6297905,0,1,87,13,1,2779096485
32119233,18:17:46,123678,3.84,-26.4,39.2,34-28.6,-106-05.1,38253,32119014,-0.179688,-0.015625,1.03125,32119016,39,0.355714,32119024,0,30.76,32119186,8620,17565,13782,60000,32115157,27.601452,204.133865,0.169511,6375097.5,0,1,87,65,1,2779096485
32178335,18:18:46,123864,3.81,-26.6,38,34-28.6,-106-06.0,38289,32178116,-0.203125,0,1.070312,32178118,39,0.361429,32178126,0,30.84,32178288,8603,17582,13785,60000,32159993,27.727468,199.998154,0.107502,6397501,0,1,87,40,1,2779096485
32238456,18:19:46,124113,3.77,-27.2,36.3,34-28.5,-106-07.0,38365,32238237,-0.171875,0.007812,1.03125,32238239,39,0.361429,32238247,0,30.91,32238409,8528,17589,13785,60000,32234380,27.939182,198.023544,0.086882,6408762,0,1,87,169,1,2779096485
32299600,18:20:47,124176,3.76,-27.6,33.7,34-28.5,-106-07.9,38411,32299381,-0.179688,0.015625,1.054688,32299383,39,0.368571,32299391,0,30.96,32299553,8250,17612,13806,60000,32299600,27.944223,196.498413,0.045499,7525953,0,1,86,251,1,2779096485
32359721,18:21:47,124051,3.78,-27.5,31.7,34-28.5,-106-08.7,38390,32359502,-0.179688,-0.007812,1.046875,32359504,39,0.396429,32359512,0.130463,31.08,32359674,8863,17570,13761,60000,32359721,28.654974,202.541214,0.195062,1014112.375,0,1,118,52,1,2779096485
32419842,18:22:47,124051,3.78,-27.4,28.9,34-28.4,-106-09.6,38367,32419623,-0.171875,0.023438,1.03125,32419625,39,0.449286,32419633,0.012875,31.29,32419795,9663,17506,13716,60000,32418823,28.24415,197.915894,0.182336,6728542,0,1,86,99,1,2779096485
32479963,18:23:47,124239,3.75,-27.6,27.5,34-28.3,-106-10.4,38401,32479744,-0.179688,0.007812,1.054688,32479746,39,0.497143,32479754,0.045109,31.44,32479916,9860,17476,13699,60000,32479963,29.058239,192.004242,0.207822,934306.5625,0,1,118,161,1,2779096485
32541113,18:24:48,124494,3.71,-28.1,27.1,34-28.3,-106-11.2,38466,32540894,-0.179688,-0.007812,1.070312,32540896,39,0.566429,32540904,0.099564,31.64,32541066,9506,17498,13716,60000,32541113,29.605169,194.445816,0.183209,127521.7969,0,1,143,223,1,2779096485
32601234,18:25:48,124558,3.7,-28.3,27.5,34-28.2,-106-12.1,38512,32601015,-0.1875,0,1.054688,32601017,39,0.580714,32601025,0.112534,32.26,32601187,9680,17486,13712,60000,32599196,29.335484,194.296692,0.237189,922938.25,0,1,118,9,1,2779096485
32660336,18:26:48,124366,3.73,-28.2,28.9,34-28.1,-106-13.1,38489,32660117,-0.1875,-0.007812,1.039062,32660119,39,0.592857,32660127,0.212765,32.86,32660289,9923,17464,13694,60000,32660336,29.907619,197.607529,0.258547,125367.2891,0,1,143,71,1,2779096485
32720461,18:27:48,124303,3.74,-27.9,29.8,34-28.1,-106-13.9,38455,32720242,-0.1875,-0.007812,1.046875,32720244,39,0.656429,32720252,0.136471,33.38,32720414,10161,17446,13674,60000,32710271,29.12377,194.548096,0.203708,5576582.5,0,1,86,73,1,2779096485
32780582,18:28:48,124430,3.72,-28,30.7,34-28.0,-106-14.9,38462,32780363,-0.171875,0.007812,1.046875,32780365,39,0.641429,32780373,0.147152,33.76,32780535,10439,17426,13661,60000,32780582,30.396587,195.807907,0.238079,133402.8125,0,1,143,180,1,2779096485
32840703,18:29:48,124686,3.68,-28.3,29.3,34-28.0,-106-15.8,38525,32840484,-0.171875,0,1.039062,32840486,39,0.263571,32840494,0.180435,33.67,32840656,10503,17430,13654,60000,32840703,30.633511,192.242981,0.234093,143982,0,1,143,237,1,2779096485
32900824,18:30:48,124686,3.68,-28.5,28,34-28.0,-106-16.6,38566,32900605,-0.1875,0,1,32900607,39,0.276429,32900615,0.093555,33.28,32900777,10387,17436,13669,60000,32897767,30.255442,192.21405,0.13351,924813.75,0,1,117,18,1,2779096485
32960945,18:31:48,124430,3.72,-28.4,26.7,34-27.9,-106-17.5,38535,32960726,-0.1875,0.015625,1.046875,32960728,39,0.587857,32960736,0,33.1,32960898,9877,17469,13690,60000,32960945,30.993937,200.502243,0,170951.5938,0,1,143,90,1,2779096485
33021066,18:32:48,124051,3.78,-27.6,24.6,34-27.9,-106-18.5,38419,33020847,-0.179688,0.03125,1.0625,33020849,39,0.576429,33020857,0,33.42,33021019,9199,17531,13733,60000,33007819,29.993317,201.337082,0,6855230,0,1,85,77,1,2779096485
33081187,18:33:48,123802,3.82,-27.3,23,34-27.8,-106-19.2,38328,33080968,-0.171875,0,1.039062,33080970,39,0.383571,33080978,0,33.69,33081140,9286,17546,13733,60000,33080168,30.804901,204.40593,0,6305176,0,1,84,196,1,2779096485
33140289,18:34:48,123988,3.79,-27.5,22.3,34-27.6,-106-20.1,38319,33140070,-0.171875,0,1.085938,33140072,39,0.311429,33140080,0,33.59,33140242,10253,17488,13673,60000,33139270,31.470306,198.772781,0,179397.3438,0,1,142,246,1,2779096485
33200410,18:35:48,124494,3.71,-25,21.9,34-27.4,-106-21.0,38447,33200191,-0.179688,0.023438,1.054688,33200193,39,0.409286,33200201,0,32.89,33200363,13021,17332,13530,60000,33199391,31.119959,189.187988,0,5587994.5,0,1,84,44,1,2779096485
33260531,18:36:48,124945,3.64,-24.9,22.7,34-27.2,-106-21.7,38582,33260312,-0.179688,0.007812,1.054688,33260314,39,0.595714,33260322,0.57888,31.98,33260484,21250,17115,13310,60000,33260531,30.641071,182.197662,0.204802,4755878,0,1,84,106,1,2779096485
33320652,18:37:48,125076,3.62,-26.7,24.2,34-27.0,-106-22.6,38674,33320433,-0.1875,0.023438,1.0625,33320435,39,0.736429,33320443,0.110626,31.09,33320605,25537,16989,13196,60000,33318614,31.407293,190.666595,0.20536,4595792.5,0,1,84,148,1,2779096485
33380773,18:38:48,124494,3.71,-25.8,25.8,34-26.8,-106-23.5,38579,33380554,-0.171875,0,1.070312,33380556,39,0.920714,33380564,0,30.32,33380726,25412,17049,13201,60000,33379754,30.91328,200.810654,0,6330757.5,0,1,84,210,1,2779096485
33441940,18:39:49,123678,3.84,-25.6,27.1,34-26.6,-106-24.2,38362,33441721,-0.1875,0.015625,1.0625,33441723,39,0.901429,33441731,0,29.75,33441893,23882,17149,13244,60000,33436845,32.178566,209.464111,0,218057.9219,0,1,142,250,1,2779096485
33502061,18:40:49,123494,3.87,-25.1,27.1,34-26.5,-106-25.0,38220,33501842,-0.179688,0,1.039062,33501844,39,0.857857,33501852,0,29.24,33502014,29315,16973,13099,60000,33499004,31.175409,202.991028,0,7413574.5,0,1,84,58,1,2779096485
33562182,18:41:49,123802,3.82,-25.2,27.1,34-26.4,-106-25.7,38249,33561963,-0.1875,0,1.070312,33561965,39,0.748571,33561973,0,28.77,33562135,39220,16815,12980,60000,33556068,32.47094,202.250076,0,181495.9219,0,1,142,98,1,2779096485
33621284,18:42:49,124051,3.78,-24.4,27.1,34-26.2,-106-26.5,38355,33621065,-0.179688,0.007812,1.054688,33621067,39,0.7,33621075,0,28.39,33621237,47156,16706,12889,60000,33618227,31.510632,196.615082,0,6190818,0,1,84,162,1,2779096485
33682424,18:43:50,124113,3.77,-25.7,26.2,34-26.1,-106-27.1,38393,33682205,-0.1875,-0.007812,1.023438,33682207,39,0.678571,33682215,0.07925,28.04,33682377,52497,16630,12823,60000,33677329,31.709751,198.349838,0,6169836,0,1,84,214,1,2779096485
33742545,18:44:50,123926,3.8,-26.5,25.8,34-25.9,-106-27.7,38366,33742326,-0.171875,0.015625,1.0625,33742328,39,0.624286,33742336,0.053787,27.79,33742498,54913,16585,12786,60000,33735412,32.536476,205.323883,0,5826458,0,1,83,0,1,2779096485
33802666,18:45:50,123740,3.83,-26.8,25.4,34-25.7,-106-28.4,38302,33802447,-0.179688,0.007812,1.070312,33802449,39,0.632857,33802457,0,27.53,33802619,57330,16539,12757,60000,33802666,31.966843,202.756012,0,7663236.5,0,1,84,92,1,2779096485
33862787,18:46:50,123740,3.83,-27.4,25.4,34-25.6,-106-29.0,38281,33862568,-0.179688,0,1.039062,33862570,39,0.677857,33862578,0.055408,27.36,33862740,57330,16389,12654,60000,33862787,32.763321,204.457901,0,996351.25,0,1,116,149,1,2779096485
33923927,18:47:51,123926,3.8,-26.7,27.1,34-25.5,-106-29.7,38320,33923708,-0.179688,0,1.078125,33923710,39,0.668571,33923718,0.076008,27.19,33923880,57330,16287,12594,60000,33915775,32.533955,198.673203,0,5651604,0,1,83,166,1,2779096485
33984048,18:48:51,123988,3.79,-26.4,28.9,34-25.5,-106-30.4,38358,33983829,-0.179688,-0.007812,1.0625,33983831,39,0.677143,33983839,0.197887,27.04,33984001,57330,16249,12575,60000,33984048,33.350605,204.867157,0,906395.25,0,1,116,7,1,2779096485
34044169,18:49:51,123802,3.82,-26,30.7,34-25.4,-106-31.1,38328,34043950,-0.171875,0.007812,1.109375,34043952,39,0.699286,34043960,0.153255,26.97,34044122,57330,16230,12568,60000,34034998,32.95488,205.788956,0,5680998.5,0,1,83,14,1,2779096485
34103272,18:50:51,123555,3.86,-25.5,31.7,34-25.4,-106-31.6,38259,34103053,-0.1875,0,1.03125,34103055,39,0.747143,34103063,0.177765,26.91,34103225,57330,16215,12561,60000,34103272,33.784134,211.547623,0,955223.875,0,1,116,111,1,2779096485
34163393,18:51:51,123494,3.87,-25.1,31.2,34-25.3,-106-32.3,38212,34163174,-0.179688,-0.007812,1.039062,34163176,39,0.773571,34163184,0,26.9,34163346,57330,16204,12561,60000,34163393,34.381508,213.06366,0,136825.2344,0,1,142,168,1,2779096485
34223514,18:52:51,123617,3.85,-25.2,30.7,34-25.2,-106-33.0,38224,34223295,-0.1875,0.007812,1.03125,34223297,39,0.793571,34223305,0,26.94,34223467,57330,16193,12558,60000,34223514,34.595757,209.119232,0,139054.8594,0,1,141,220,1,2779096485
34283639,18:53:51,123678,3.84,-25.7,29.3,34-25.1,-106-33.5,38272,34283420,-0.171875,0.007812,1.023438,34283422,39,0.790714,34283430,0,27.02,34283592,57330,16219,12585,60000,34283639,34.928471,209.670135,0,155954.9219,0,1,141,21,1,2779096485
34343760,18:54:51,123740,3.83,-26.6,28,34-25.0,-106-34.1,38302,34343541,-0.1875,0,1.09375,34343543,39,0.775,34343551,0,27.09,34343713,57330,16282,12625,60000,34340703,34.595757,207.71814,0,1115164.75,0,1,115,58,1,2779096485
34403881,18:55:51,123617,3.85,-27.3,26.7,34-24.9,-106-34.7,38288,34403662,-0.179688,0,1.0625,34403664,39,0.743571,34403672,0,27.2,34403834,57330,16299,12633,60000,34403881,35.422504,213.082672,0,183446.7969,0,1,141,130,1,2779096485
34464002,18:56:51,123494,3.87,-27.4,25.4,34-24.9,-106-35.4,38242,34463783,-0.171875,0.007812,1.023438,34463785,39,0.664286,34463793,0,27.3,34463955,57330,16190,12565,60000,34458907,34.905785,211.438721,0,1092849.5,0,1,115,157,1,2779096485
34524125,18:57:51,123433,3.88,-26.4,24.6,34-24.8,-106-36.0,38212,34523906,-0.179688,0.015625,1.054688,34523908,39,0.629286,34523916,0.128746,27.37,34524078,57330,16101,12513,60000,34524125,35.372093,213.611053,0,5448620,0,1,81,241,1,2779096485
34584246,18:58:51,123433,3.88,-25.8,24.2,34-24.7,-106-36.6,38208,34584027,-0.179688,-0.007812,1.046875,34584029,39,0.626429,34584037,0,27.44,34584199,57330,16086,12498,60000,34584246,35.57626,215.196884,0,5576582.5,0,1,81,37,1,2779096485
34643348,18:59:51,123372,3.89,-25.9,23.8,34-24.5,-106-37.3,38190,34643129,-0.179688,0.015625,1.015625,34643131,39,0.613571,34643139,0,27.52,34643301,57330,16149,12530,60000,34643348,35.770348,215.659576,0,6180309.5,0,1,81,89,1,2779096485
34703473,19:00:51,123312,3.9,-26.6,23.8,34-24.4,-106-38.0,38164,34703254,-0.179688,0.015625,1.039062,34703256,39,0.631429,34703264,0,27.6,34703426,57330,16167,12534,60000,34690226,35.271267,216.070129,0,7027235.5,0,1,81,74,1,2779096485
34763594,19:01:51,123131,3.93,-26.8,24.2,34-24.2,-106-38.7,38128,34763375,-0.179688,0.03125,1.015625,34763377,39,0.628571,34763385,0,27.67,34763547,57330,16136,12505,60000,34762575,36.133312,218.692017,0,6360248.5,0,1,80,193,1,2779096485
34824734,19:02:52,123131,3.93,-26.9,25.4,34-24.1,-106-39.4,38112,34824515,-0.1875,0.007812,1.023438,34824517,39,0.653571,34824525,0,27.76,34824687,57330,16132,12510,60000,34821677,36.846649,221.325989,0,204228.1563,0,1,141,243,1,2779096485
34884855,19:03:52,123011,3.95,-26,26.2,34-24.0,-106-40.2,38100,34884636,-0.1875,0.007812,1.070312,34884638,39,0.723571,34884646,0,27.85,34884808,57330,16110,12503,60000,34883836,35.833363,219.953796,0,6757682,0,1,81,51,1,2779096485
34944976,19:04:52,122832,3.98,-25.2,27.1,34-23.9,-106-40.8,38060,34944757,-0.195312,0.015625,1.03125,34944759,39,0.742143,34944767,0,27.95,34944929,57330,16086,12503,60000,34940900,37.189453,228.786514,0,196469.6875,0,1,141,91,1,2779096485
35005097,19:05:52,122538,4.03,-24,26.7,34-23.7,-106-41.6,37973,35004878,-0.171875,0.015625,1.03125,35004880,39,0.757857,35004888,0,28.08,35005050,57330,16117,12530,60000,35003059,36.148438,228.802979,0,6964506,0,1,81,155,1,2779096485
35066237,19:06:53,122363,4.06,-23.6,25.8,34-23.6,-106-42.2,37903,35066018,-0.171875,0.007812,1.015625,35066020,39,0.755714,35066028,0,28.25,35066190,57330,16176,12576,60000,35060123,37.499493,233.559723,0,207961,0,1,141,195,1,2779096485
35125339,19:07:53,122305,4.07,-24.6,25,34-23.4,-106-42.9,37872,35125120,-0.1875,-0.015625,1.039062,35125122,39,0.75,35125130,0,28.4,35125292,57330,16349,12677,60000,35122282,36.45343,228.450394,0,8497925,0,1,80,3,1,2779096485
35185460,19:08:53,122363,4.06,-25.4,23.8,34-23.2,-106-43.6,37883,35185241,-0.1875,0.007812,1.09375,35185243,39,0.735,35185251,0,28.61,35185413,57330,16241,12637,60000,35179346,37.812054,232.722122,0,224217.2031,0,1,141,43,1,2779096485
35245581,19:09:53,122363,4.06,-26,22.3,34-23.1,-106-44.4,37889,35245362,-0.179688,0.015625,1.070312,35245364,39,0.677143,35245372,0,28.74,35245534,57330,16026,12513,60000,35241505,36.765987,227.095581,0,6194329,0,1,80,107,1,2779096485
35306721,19:10:54,122305,4.07,-25.6,21.9,34-23.1,-106-45.0,37885,35306502,-0.195312,0.007812,1.054688,35306504,39,0.585,35306512,0,28.83,35306674,57330,15929,12460,60000,35306721,36.760948,229.34404,0,5692842.5,0,1,80,189,1,2779096485
35366844,19:11:54,122247,4.08,-24.9,22.3,34-23.1,-106-45.9,37864,35366625,-0.179688,0,1.03125,35366627,39,0.582857,35366635,0,28.93,35366797,57330,16009,12497,60000,35360730,37.053337,229.782028,0,5710700.5,0,1,80,211,1,2779096485
35426965,19:12:54,122189,4.09,-24.7,22.3,34-23.1,-106-46.7,37846,35426746,-0.164062,0.007812,1.03125,35426748,39,0.602857,35426756,0,29.01,35426918,57330,16067,12518,60000,35425946,37.023094,230.275436,0,6863846,0,1,80,37,1,2779096485
35487086,19:13:54,122189,4.09,-25,23.8,34-23.0,-106-47.3,37846,35486867,-0.179688,0.03125,1.023438,35486869,39,0.671429,35486877,0,29.08,35487039,57330,15993,12462,60000,35479953,37.305405,230.639465,0,6334429,0,1,80,59,1,2779096485
35547207,19:14:54,122189,4.09,-25.4,24.2,34-23.0,-106-48.1,37846,35546988,-0.179688,0.023438,1.054688,35546990,39,0.739286,35546998,0,29.22,35547160,57330,15916,12431,60000,35547207,38.021267,232.930786,0,926068.25,0,1,114,151,1,2779096485
35606309,19:15:54,122132,4.1,-25.4,24.2,34-23.0,-106-48.8,37828,35606090,-0.179688,0,1.039062,35606092,39,0.666429,35606100,0,29.49,35606262,57330,15917,12463,60000,35599176,37.547386,229.669205,0,5509078.5,0,1,80,163,1,2779096485
35666430,19:16:54,122132,4.1,-26.2,23.8,34-23.1,-106-49.7,37827,35666211,-0.1875,0.023438,1.046875,35666213,39,0.622857,35666221,0,29.94,35666383,57330,15970,12562,60000,35666430,38.233006,233.681763,0,903994.6875,0,1,114,255,1,2779096485
35726551,19:17:54,121960,4.13,-26.5,23.8,34-23.1,-106-50.4,37811,35726332,-0.171875,0.015625,1.09375,35726334,39,0.583571,35726342,0,30.76,35726504,57330,15908,12582,60000,35718399,37.761639,234.837524,0,5083462.5,0,1,80,11,1,2779096485
35786678,19:18:54,121790,4.16,-26.4,23.8,34-23.2,-106-51.3,37742,35786459,-0.179688,0.015625,1.054688,35786461,39,0.306429,35786469,0,31.46,35786631,57330,15922,12639,60000,35786678,38.495155,241.121796,0,760914,0,1,114,108,1,2779096485
35846799,19:19:54,121733,4.17,-26.1,23.8,34-23.2,-106-52.1,37700,35846580,-0.1875,0.023438,1.023438,35846582,39,0.52,35846590,0.54884,32.48,35846752,57330,15889,12664,60000,35843742,37.812054,233.954102,0,4017655.75,0,1,80,145,1,2779096485
35906920,19:20:54,121903,4.14,-27.4,23.8,34-23.2,-106-53.0,37726,35906701,-0.179688,0.007812,1.078125,35906703,39,0.470714,35906711,0.017834,33.59,35906873,54168,15998,12774,60000,35906920,39.127846,236.656723,0,106378.5547,0,1,141,217,1,2779096485
35967041,19:21:54,122132,4.1,-28.7,23.8,34-23.3,-106-54.0,37796,35966822,-0.171875,0.015625,1.023438,35966824,39,0.447143,35966832,0.455475,34.71,35966994,51661,16018,12807,60000,35962965,38.056557,231.410828,0,3942252.25,0,1,80,249,1,2779096485
36027162,19:22:54,121903,4.14,-27.5,23.8,34-23.3,-106-54.8,37809,36026943,-0.164062,0.03125,1.023438,36026945,39,0.305,36026953,0,35.48,36027115,38683,16198,12968,60000,36027162,39.490826,243.556641,0,123017.7813,0,1,141,70,1,2779096485
36086264,19:23:54,121509,4.21,-27.4,24.2,34-23.4,-106-55.7,37696,36086045,-0.179688,0.007812,1.085938,36086047,39,0.287143,36086055,0,35.74,36086217,33820,16269,13030,60000,36083207,38.903503,245.342957,0,811089.125,0,1,114,102,1,2779096485
36146385,19:24:54,121509,4.21,-24.3,25.4,34-23.5,-106-56.6,37633,36146166,-0.179688,0,1.0625,36146168,39,0.44,36146176,0,35.42,36146338,39936,16180,12951,60000,36146385,39.71769,240.171127,0,123641.6328,0,1,141,174,1,2779096485
36207525,19:25:55,121903,4.14,-20.5,27.1,34-23.7,-106-57.5,37714,36207306,-0.179688,0.023438,1.0625,36207308,39,0.624286,36207316,0.04158,34.89,36207478,43994,16154,12892,60000,36204468,39.304295,234.690964,0,670376.4375,0,1,114,216,1,2779096485
36267646,19:26:55,122132,4.1,-21.1,29.8,34-23.8,-106-58.5,37820,36267427,-0.179688,0.015625,1.023438,36267429,39,0.737143,36267437,0.110817,34.44,36267599,51423,16069,12802,60000,36267646,39.987404,241.138916,0,139509.5313,0,1,141,32,1,2779096485
36327767,19:27:55,121733,4.17,-23.4,31.2,34-23.9,-106-59.4,37787,36327548,-0.179688,0.007812,1.023438,36327550,39,0.662857,36327558,0,34.17,36327720,47425,16131,12851,60000,36327767,39.485786,244.758392,0,4232498,0,1,79,86,1,2779096485
36387888,19:28:55,121342,4.24,-24.1,31.2,34-24.1,-107-00.4,37643,36387669,-0.179688,0.015625,1.085938,36387671,39,0.617857,36387679,0,34.12,36387841,40622,16220,12934,60000,36386869,40.052944,247.414124,0,153293.4063,0,1,141,136,1,2779096485
36449036,19:29:56,121453,4.22,-26.8,30.7,34-24.2,-107-01.3,37607,36448817,-0.164062,0.023438,1.03125,36448819,39,0.578571,36448827,0,34.52,36448989,35431,16293,13006,60000,36449036,38.863174,235.19368,0,4678469.5,0,1,79,200,1,2779096485
36509157,19:30:56,121790,4.16,-28.3,29.8,34-24.3,-107-02.2,37688,36508938,-0.179688,-0.007812,1.023438,36508940,39,0.462857,36508948,0,35.1,36509110,28778,16369,13085,60000,36506100,40.133606,237.371048,0,155812.5313,0,1,140,240,1,2779096485
36569278,19:31:56,121847,4.15,-29.1,28.9,34-24.4,-107-03.2,37758,36569059,-0.179688,0,1.0625,36569061,39,0.353571,36569069,0,35.86,36569231,24103,16511,13200,60000,36568259,38.974083,237.363556,0,5481432,0,1,79,48,1,2779096485
36628380,19:32:56,121509,4.21,-28.6,28.9,34-24.5,-107-04.1,37706,36628161,-0.164062,0.023438,1.0625,36628163,39,0.300714,36628171,0,36.51,36628333,19279,16694,13332,60000,36625323,40.272247,249.800995,0,192372.7188,0,1,140,88,1,2779096485
36688505,19:33:56,121067,4.29,-28.3,28.9,34-24.5,-107-05.1,37566,36688286,-0.179688,0.007812,1.054688,36688288,39,0.291429,36688296,0,36.91,36688458,17831,16735,13377,60000,36687486,39.127846,248.648407,0,6504168.5,0,1,79,152,1,2779096485
36748626,19:34:56,120849,4.33,-27.8,28.9,34-24.5,-107-06.0,37472,36748407,-0.179688,0.03125,1.039062,36748409,39,0.293571,36748417,0,37.1,36748579,19127,16665,13337,60000,36732322,39.180779,249.718124,0,6100912.5,0,1,79,127,1,2779096485
36808747,19:35:56,120849,4.33,-27.9,29.8,34-24.5,-107-07.0,37448,36808528,-0.1875,0.007812,1.046875,36808530,39,0.300714,36808538,0,37.24,36808700,17376,16709,13378,60000,36806709,39.226154,245.973053,0,5838916.5,0,1,79,0,1,2779096485
36868910,19:36:56,121067,4.29,-28.3,30.7,34-24.4,-107-08.0,37483,36868691,-0.1875,0.007812,1.03125,36868693,39,0.311429,36868701,0,37.4,36868863,16797,16712,13398,60000,36851587,39.231194,241.776123,0,5807869.5,0,1,79,231,1,2779096485
36929031,19:37:56,121231,4.26,-28.8,31.7,34-24.3,-107-08.9,37547,36928812,-0.179688,0.03125,0.992188,36928814,39,0.318571,36928822,0,37.57,36928984,19582,16586,13320,60000,36925974,39.228676,241.756714,0,5059913.5,0,1,79,104,1,2779096485
36989152,19:38:56,121231,4.26,-29,31.7,34-24.2,-107-09.9,37574,36988933,-0.6875,1.203125,0.921875,36988935,39,0.425714,36988943,0,37.8,36989105,21994,16494,13256,60000,36984057,39.886578,246.626236,0,4248962.5,0,1,78,146,1,2779096485
37049279,19:39:56,117817,4.93,-26.7,31.2,34-24.1,-107-10.7,37539,37049060,-0.164062,-0.007812,1.539062,37049062,39,1.252857,37049070,0,35.84,37049232,4248,17757,14076,60000,37045203,39.21859,594.596741,0,19907654,0,1,82,208,1,2779096485
37108381,19:40:56,102566,9.64,-36.5,29.8,34-24.1,-107-11.9,33352,37108162,-0.179688,-0.09375,1.210938,37108164,39,2.086429,37108172,0,29.89,37108334,2138,18247,14398,60000,37105324,38.744701,1174.918091,0,35656148,0,1,85,4,1,2779096485
37168502,19:41:56,91903,15.69,-44,26.3,34-24.2,-107-12.6,29889,37168283,-0.1875,0.007812,1.421875,37168285,39,0.875714,37168293,0,23.91,37168455,908,18809,14803,60000,37162388,38.618668,1845.957764,0,842105.25,0,1,156,44,1,2779096485
37228627,19:42:56,83442,23.33,-50.1,22.4,34-24.2,-107-13.5,26870,37228408,-0.21875,-0.039062,1.296875,37228410,39,1.747143,37228418,0,16.91,37228580,481,19228,15111,60000,37224551,34.101723,2704.708008,0,102400000,0,1,92,108,1,2779096485
37288748,19:43:56,76785,32.05,-51.8,18.1,34-24.2,-107-14.2,24490,37288529,-0.226562,0,1.148438,37288531,39,1.577143,37288539,0,8.17,37288701,400,19544,15308,60000,37283653,29.942907,3502.921875,0,102400000,0,1,96,160,1,2779096485
37348869,19:44:56,72290,39.8,-54.2,14,34-24.2,-107-14.9,23070,37348650,-0.21875,-0.015625,1.320312,37348652,39,1.39,37348660,0,2.32,37348822,400,19914,15552,60000,37348869,24.244377,4401.618652,0,102400000,0,1,100,242,1,2779096485
37408994,19:45:56,67952,49.11,-58.6,10.5,34-24.6,-107-15.7,21643,37408775,-0.125,-0.078125,1.125,37408777,39,1.781429,37408785,0,-6.57,37408947,400,20258,15760,60000,37402880,18.374836,5305.266113,0,102400000,0,1,105,8,1,2779096485
37469115,19:46:56,63932,59.71,-61.2,7.9,34-24.5,-107-16.0,20542,37468896,-0.21875,-0.015625,1.117188,37468898,39,0.742143,37468906,0,-14.33,37469068,400,20625,15965,60000,37461982,10.640925,6386.945801,0,102400000,0,1,111,60,1,2779096485
37529236,19:47:56,60415,70.86,-62.7,4.7,34-24.6,-107-16.1,19376,37529017,-0.257812,-0.078125,1.171875,37529019,39,1.433571,37529027,0,-20.06,37529189,400,20981,16141,56898,37521084,3.754293,7533.852539,0,102400000,0,1,116,112,1,2779096485
37589357,19:48:57,57020,83.58,-65,1.8,34-24.8,-107-16.3,18365,37589138,-0.203125,-0.078125,1.140625,37589140,39,1.227857,37589148,0,-28.11,37589310,400,21196,16255,41874,37589357,-5.137334,9024.84375,0,7000213.5,0,1,181,214,1,2779096485
37649478,19:49:57,53958,96.97,-70.3,-3.4,34-24.9,-107-16.6,17296,37649259,-0.21875,-0.007812,0.992188,37649261,39,1.055,37649269,0,-34.52,37649431,400,21443,16363,25910,37649478,-12.320045,10377.99316,0,4136329.25,0,1,185,15,1,2779096485
37709599,19:50:57,50880,112.53,-70,-13.2,34-24.9,-107-16.6,16500,37709380,-0.203125,-0.046875,1.070312,37709382,39,1.313571,37709390,0,-41.21,37709552,400,21569,16412,16916,37707561,-19.539974,11852.37305,0,3303225.75,0,1,188,62,1,2779096485
37769720,19:51:57,47479,132.52,-69.2,-21.6,34-25.0,-107-16.7,15722,37769501,-0.226562,-0.070312,1.03125,37769503,39,1.237857,37769511,0,-46.29,37769673,400,21671,16450,14308,37768701,-25.847498,13450.66992,0,2269252,0,1,191,129,1,2779096485
38523795,20:04:31,24263,385.9,-18.2,-24.4,0-00.0,0-00.0,0,38523576,-0.21875,-0.015625,1.132812,38523578,39,1.525,38523586,65.35788,-19.93,38523748,400,19907,15559,60000,38519719,-16.993164,39703.41016,39.270962,102400000,0,1,133,228,1,2779096485
38583916,20:05:31,22935,408.84,-15.4,-21.6,34-27.8,-107-14.5,7754,38583697,-0.203125,-0.03125,1.0625,38583699,39,2.074286,38583707,70.207024,-17.78,38583869,400,19885,15530,60000,38578821,-14.201918,42071.76953,41.561726,102400000,0,1,131,24,1,2779096485
38644037,20:06:31,21424,436.38,-12.8,-18.8,34-28.1,-107-14.4,7322,38643818,-0.195312,-0.046875,1.03125,38643820,39,1.613571,38643828,87.983414,-15.73,38643990,400,19817,15466,60000,38644037,-10.941997,44680.51953,46.282761,11040431,0,1,160,111,1,2779096485